url,title,city,price_usd,price_kgs,year,milleage_km,engine,transmission,image_url
https://mashina.kg/details/kia-stinger-69c889deab0e2849411617,Kia Stinger I,Бишкек,18700,1635315,2018,104000,3.3 л.,автомат,https://im.mashina.kg/tachka/images/1/8/0/180e6a9c4c83da8e13ebce6b2c3d5881_640x480.jpg
https://mashina.kg/details/lexus-nx-6a07592bb8055db3c294107a,Продажа Lexus NX II 2023,Бишкек,35800,3130710,2023,28000,2.5 л.,автомат,https://storage.mashina.kg/catalog/images/2026-05-15/10034319/dce064feaa800e284682c8d218253e5f_medium.webp
https://mashina.kg/details/hyundai-tucson-692bfc419135c358379586,Hyundai Tucson I,Бишкек,10300,900735,2006,44000,2.0 л.,механика,https://im.mashina.kg/tachka/images/1/3/9/139fa15ec645234d0b32834cf119d699_640x480.jpg
https://mashina.kg/details/lexus-es-69c581f12351b444472731,Lexus ES VII,Бишкек,23999,2098713,2021,90000,2.5 л.,вариатор,https://im.mashina.kg/tachka/images/c/2/0/c20b125c79bbf7519162f7a70bac0b16_640x480.jpg
https://mashina.kg/details/bmw-7-serii-6a06f2b687e0305c4e93c928,Продажа BMW 7 серии VII (G70) 2024,Бишкек,98000,8570100,2024,41000,3.0 л.,-1,https://storage.mashina.kg/catalog/images/2026-05-15/10033887/d5f4c173b9bb30911f57a37dc1bea284_medium.webp
https://mashina.kg/details/mercedesbenz-eklass-69fb2ee9a2cf4125956165,"Mercedes-Benz E-Класс II (W210, S210) Рестайлинг",с. Ивановка,8300,725835,2000,260000,3.2 л.,автомат,https://im.mashina.kg/tachka/images/9/e/b/9eb87b0cdbee8bcee1a94beaf184ba16_640x480.jpg
https://mashina.kg/details/toyota-highlander-6a084b56b21b7c5cfe717c87,Продажа Toyota Highlander III (U50) Рестайлинг 2019,Бишкек,22500,1967625,2019,153000,3.5 л.,автомат,https://storage.mashina.kg/catalog/images/2026-05-16/10034890/5df362e148b0c56cdc82a066622ccdbe_medium.webp
https://mashina.kg/details/bmw-x5-69f4883cdb29c500319199,BMW X5 IV (G05/G18),Бишкек,51000,4459950,1,86000,3.0 л.,-1,https://im.mashina.kg/tachka/images/c/0/b/c0ba3e849afa5dfc04a6481399140ba0_640x480.jpg
https://mashina.kg/details/chevrolet-malibu-69f1c8e756394618264082,Chevrolet Malibu IX,Бишкек,10000,874500,2018,155000,1.5 л.,автомат,https://im.mashina.kg/tachka/images/9/c/0/9c037a5337d6cdbf1c98ef01d4d2868b_640x480.jpg
https://mashina.kg/details/bmw-7-serii-69d3b6186eb7e527217549,BMW 7 серии VI (G11/G12) Рестайлинг,Бишкек,44500,3891525,2020,55000,4.4 л.,автомат,https://im.mashina.kg/tachka/images/a/f/8/af8f3bbb351bea72d98ec0457db8645d_640x480.jpg
https://mashina.kg/details/lexus-gx-6a03f8d3fbdd8588bfd7093a,Продажа Lexus GX I 2005,Бишкек,19500,1705275,2005,250000,4.7 л.,автомат,https://storage.mashina.kg/catalog/images/2026-05-13/10030777/cc51e8a62c09828227fbe55c52216f34_medium.webp
https://mashina.kg/details/toyota-land-cruiser-prado-69c8aed5adec7173780716,Toyota Land Cruiser Prado 120 Series,Бишкек,21500,1880175,2008,267000,4.0 л.,автомат,https://im.mashina.kg/tachka/images/e/a/3/ea334994cc48f2166f09ce5ea7b85b04_640x480.jpg
https://mashina.kg/details/hyundai-santa-fe-69fe00dca1879017988312,Hyundai Santa Fe IV,Бишкек,17200,1504140,2020,156000,2.0 л.,автомат,https://im.mashina.kg/tachka/images/1/e/0/1e0b6866bc89c474dbccc9de36809fa1_640x480.jpg
https://mashina.kg/details/kia-k7-69fdfe7116d4b224478435,Kia K7 YG (II) Рестайлинг,Бишкек,17500,1530375,2020,98000,2.4 л.,автомат,https://im.mashina.kg/tachka/images/b/b/8/bb8ea0a2aa5989c8835e0d4c24e8e2b5_640x480.jpg
https://mashina.kg/details/honda-crv-69b8d82e112b8201884089,Honda CR-V III,Кочкор-Ата,11000,961950,2009,255000,2.4 л.,автомат,https://im.mashina.kg/tachka/images/a/d/4/ad497b07034b559edf29d1e1a0e5e731_640x480.jpg
https://mashina.kg/details/changan-deepal-g318-69e849fe2bdcc163590118,Changan Deepal G318,Бишкек,28500,2492325,2024,200,1.5 л.,автомат,https://storage.mashina.kg/catalog/images/2026-05-13/4507614/5fa4df676a3625b3c85fe16fb460bacf_medium.webp
https://mashina.kg/details/kia-k5-6a0402ec602cb756d53bfeb4,Продажа Kia K5 II 2018,Бишкек,12500,1093125,2018,94000,2.0 л.,автомат,https://storage.mashina.kg/catalog/images/2026-05-14/10030832/51fd0aaba959879d5ff3fdf0edb4c932_medium.webp
https://mashina.kg/details/toyota-rav4-6a016a85db1ab764478529,Toyota RAV4 V (XA50),Бишкек,33300,2912085,2026,13,2.0 л.,вариатор,https://im.mashina.kg/tachka/images/3/6/b/36b7beb1e79f19f0c831b45f09ce6621_640x480.jpg
https://mashina.kg/details/hyundai-grandeur-6a033f23be4d064379920dbf,Продажа Hyundai Grandeur VI Рестайлинг 2022,Бишкек,14500,1268025,2022,267000,3.0 л.,автомат,https://storage.mashina.kg/catalog/images/2026-05-12/10030326/48e1e3e5e93cc2e1ad5ac6048a4f74bb_medium.webp
https://mashina.kg/details/toyota-land-cruiser-prado-699eeb81ecc94797178916,Toyota Land Cruiser Prado 150 Series Рестайлинг 1,Бишкек,30500,2667225,2014,200000,2.7 л.,автомат,https://im.mashina.kg/tachka/images/d/2/2/d2238d4d8922d40e03118be4c8b013aa_640x480.jpg
https://mashina.kg/details/hyundai-sonata-6a0956e830a1a49fcf915f44,Продажа Hyundai Sonata VIII (DN8) 2021,Бишкек,12800,1119360,2021,43449,2.5 л.,автомат,https://storage.mashina.kg/catalog/images/2026-05-17/10035521/2c423e0589ba286b7a27e07fbdd43f39_medium.webp
https://mashina.kg/details/kia-k3-69ef87bb8dcd9974829045,Kia K3 II,Бишкек,12300,1075635,2019,123000,1.6 л.,робот,https://storage.mashina.kg/catalog/images/2026-05-13/4544928/b1e0d685817e3023f45cf4131869e272_medium.webp
https://mashina.kg/details/kia-k5-6a092def0900bff16ec439a6,Продажа Kia K5 III 2021,Бишкек,15800,1381710,2021,153000,2.0 л.,автомат,https://storage.mashina.kg/catalog/images/2026-05-17/10035410/9aaf37903326e54e95f240151c9592ec_medium.webp
https://mashina.kg/details/lexus-gx-6a090cd31a96ed75d9b43227,Продажа Lexus GX II Рестайлинг 2 2020,Бишкек,49000,4285050,2020,136000,4.6 л.,автомат,https://storage.mashina.kg/catalog/images/2026-05-17/10035380/61232a06d9fec2a1b6b0f85113444ff8_medium.webp
https://mashina.kg/details/toyota-highlander-6918537389811830208886,Toyota Highlander III (U50) Рестайлинг,Бишкек,26500,2317425,2019,84000,3.5 л.,автомат,https://im.mashina.kg/tachka/images/c/9/c/c9c2988d07a3702b0ef4ea71dcb13d3a_640x480.jpg
https://mashina.kg/details/lexus-es-69c925749de72314480122,Lexus ES VI Рестайлинг,Бишкек,27500,2404875,2017,100000,2.5 л.,вариатор,https://im.mashina.kg/tachka/images/4/6/c/46c04d7192f865fea7c6b36889331e92_640x480.jpg
https://mashina.kg/details/bmw-ix1-69e9c769e8c9a581664158,BMW iX1,Бишкек,27500,2404875,2025,118,,,https://im.mashina.kg/tachka/images/d/a/f/dafda473b5f7b6e95db6a6725f7f8ccd_640x480.jpg
https://mashina.kg/details/lexus-rx-6a00de337a930942673338,Lexus RX V,Бишкек,59000,5159550,2023,113000,2.5 л.,вариатор,https://im.mashina.kg/tachka/images/c/b/2/cb2b1f880b54eaac40513927d8eb0458_640x480.jpg
https://mashina.kg/details/toyota-camry-6a08ab4839862bb98d6981d5,Продажа Toyota Camry VII (XV50) Рестайлинг 2 2017,Бишкек,18199,1591503,2017,183000,2.5 л.,автомат,https://storage.mashina.kg/catalog/images/2026-05-16/10035295/075eec91a7f60ec3a0f81384fd7c290b_medium.webp
https://mashina.kg/details/subaru-forester-6a01d9c8d6f81299639251,Subaru Forester V,Бишкек,15500,1355475,2020,125528,2.5 л.,вариатор,https://im.mashina.kg/tachka/images/d/7/5/d75ad110c3db0a2333b8a7168ff17064_640x480.jpg
https://mashina.kg/details/toyota-avalon-69f1d0fca5d42420690798,Toyota Avalon V,Бишкек,24500,2142525,2019,86500,2.5 л.,вариатор,https://im.mashina.kg/tachka/images/a/d/4/ad441e7555a179c1bdcedbdad67747de_640x480.jpg
https://mashina.kg/details/toyota-kluger-6a087fa44fe87ef43f622316,Продажа Toyota Kluger I (XU20) Рестайлинг 2003,Бишкек,11500,1005675,2003,162000,3.0 л.,автомат,https://storage.mashina.kg/catalog/images/2026-05-16/10035131/874eac8df4bce8101a7c8e2e099622f2_medium.webp
https://mashina.kg/details/mercedesbenz-sklass-69bd3a7c91e4d529475002,Mercedes-Benz S-Класс V (W221) Рестайлинг,Бишкек,13500,1180575,2011,176902,5.5 л.,автомат,https://im.mashina.kg/tachka/images/d/4/8/d48ee309091fa8d88a879b499b6ec838_640x480.jpg
https://mashina.kg/details/land-rover-range-rover-699bed86bef68429399154,Land Rover Range Rover IV,Бишкек,38500,3366825,2016,170000,4.4 л.,автомат,https://im.mashina.kg/tachka/images/e/1/c/e1c99692a5729780a54d6ee583358454_640x480.jpg
https://mashina.kg/details/toyota-camry-69ff7ca22c30a296786945,Toyota Camry VIII (XV70) Рестайлинг,Бишкек,20000,1749000,2021,154500,2.5 л.,автомат,https://im.mashina.kg/tachka/images/5/c/4/5c428779f2e404b59be8aa3690a4bded_640x480.jpg
https://mashina.kg/details/toyota-highlander-6a070e548ebd65c328a24d1e,Продажа Toyota Highlander III (U50) Рестайлинг 2019,Бишкек,25500,2229975,2019,100000,3.5 л.,автомат,https://storage.mashina.kg/catalog/images/2026-05-15/10034028/d47c145a27d008ad35a43f86696d6345_medium.webp
https://mashina.kg/details/ssangyong-rexton-6a070c304bb6205171061b95,Продажа SsangYong Rexton IV 2019,Бишкек,19000,1661550,2019,109600,2.2 л.,автомат,https://storage.mashina.kg/catalog/images/2026-05-15/10034015/7fce97e395fd21d436b78e4c9a05af0d_medium.webp
https://mashina.kg/details/lexus-lx-6a05e8741f896f7d9fc344a2,Продажа Lexus LX IV 2026,Бишкек,190000,16615500,2026,15,3.5 л.,автомат,https://storage.mashina.kg/catalog/images/2026-05-14/10032952/298facde032f7224812895855cd7b937_medium.webp
https://mashina.kg/details/toyota-land-cruiser-prado-6a0469aad78ee458712e59cb,Продажа Toyota Land Cruiser Prado 120 Series 2008,Бишкек,25000,2186250,2008,300000,4.0 л.,автомат,https://storage.mashina.kg/catalog/images/2026-05-13/10031416/a6807d8e1f0d7ce46cd7587355d81352_medium.webp
https://mashina.kg/details/lexus-ls-69fdce7f6c748714602822,Lexus LS III Рестайлинг,Бишкек,10800,944460,2004,293000,4.3 л.,автомат,https://im.mashina.kg/tachka/images/b/d/7/bd7afce9222b410cdf1483a2f43ffb24_640x480.jpg
https://mashina.kg/details/lexus-es-69d0a19b96c43327036819,Lexus ES VI Рестайлинг,Ош,24000,2098800,2017,214000,2.5 л.,вариатор,https://im.mashina.kg/tachka/images/5/5/2/552ff804ddd99540be1019b242217239_640x480.jpg
https://mashina.kg/details/mercedes-benz-s-klass-amg-68b59a75b3ccc943949527,Mercedes-Benz S-Класс AMG I (W220) Рестайлинг,Бишкек,25555,2234785,2004,211000,5.4 л.,автомат,https://im.mashina.kg/tachka/images/b/e/0/be0912a7f97f4fd666b012d07537f5df_640x480.jpg
https://mashina.kg/details/bmw-x5-69ff818b46284395829389,BMW X5 IV (G05/G18) Рестайлинг,Бишкек,104000,9094800,2023,49000,4.4 л.,автомат,https://im.mashina.kg/tachka/images/d/b/2/db2d5781f8c0e860bf0740f636055693_640x480.jpg
https://mashina.kg/details/toyota-tundra-6988701fe1600246963764,Toyota Tundra II Рестайлинг,Бишкек,45000,3935250,2018,177000,5.7 л.,автомат,https://im.mashina.kg/tachka/images/2/1/9/2194bbfb24bb1208a54ea4e9b9ea9086_640x480.jpg
https://mashina.kg/details/bmw-x5-69fb7429d1100731002254,BMW X5 IV (G05/G18),Бишкек,63500,5553075,2020,72000,4.4 л.,автомат,https://im.mashina.kg/tachka/images/d/b/4/db4f6b40751874e9cfe37acc5a4e2bda_640x480.jpg
https://mashina.kg/details/bmw-5-serii-69fcad4449b00250084707,BMW 5 серии VII (G30/G31) Рестайлинг,Бишкек,37000,3235650,2021,50000,2.0 л.,автомат,https://im.mashina.kg/tachka/images/1/1/f/11fe3c554a997f09dfa13bdcd7c8b33f_640x480.jpg
https://mashina.kg/details/bmw-x7-69e21501682b3374043910,BMW X7 I (G07),Бишкек,83000,7258350,2022,18300,4.4 л.,автомат,https://im.mashina.kg/tachka/images/1/1/7/117a8e96c0f30db11c2c24f5d7ad7d68_640x480.jpg
https://mashina.kg/details/lexus-rx-69e6fdea822f5264688991,Lexus RX IV Рестайлинг,Бишкек,39000,3410550,2021,68471,2.0 л.,автомат,https://im.mashina.kg/tachka/images/7/9/8/798738a7ffe492da6acb4c03101fe44c_640x480.jpg
https://mashina.kg/details/kia-sorento-69fb3b79a76a7008091676,Kia Sorento III Prime Рестайлинг,Бишкек,18500,1617825,2019,195000,2.2 л.,автомат,https://im.mashina.kg/tachka/images/f/8/9/f89f1aa4d0985b491d4826fdf1f1b38b_640x480.jpg
https://mashina.kg/details/bmw-x7-6a0046708e18a617555898,BMW X7 I (G07),Бишкек,51800,4529910,2020,104000,4.4 л.,автомат,https://im.mashina.kg/tachka/images/4/0/3/4034ffe65806b60b2084c8b9fadd889b_640x480.jpg
https://mashina.kg/details/volvo-xc90-69f880c806d4a365184276,Volvo XC90 II,Бишкек,27000,2361150,2018,230000,2.0 л.,автомат,https://im.mashina.kg/tachka/images/9/8/b/98b944489f46410815b0c785d2fa4a23_640x480.jpg
https://mashina.kg/details/geely-tugella-690b134d9483c056158891,Geely Tugella I Рестайлинг,Бишкек,19000,1661550,2022,28936,2.0 л.,автомат,https://im.mashina.kg/tachka/images/3/5/0/35019eac1d8d18fb76d55e57067f99d5_640x480.jpg
https://mashina.kg/details/kia-k3-69e7b4f09f431130615924,Kia K3 II,Бишкек,13700,1198065,2019,112500,1.6 л.,вариатор,https://im.mashina.kg/tachka/images/3/2/2/322492a0f0dd4dec0106ad1c05c55405_640x480.jpg
https://mashina.kg/details/toyota-4runner-69ff397c00831026255120,Toyota 4Runner V Рестайлинг,Бишкек,30500,2667225,2019,140012,4.0 л.,автомат,https://im.mashina.kg/tachka/images/e/e/6/ee6fa0c3f91174e1321b1fd45e0f8e8d_640x480.jpg
https://mashina.kg/details/mercedesbenz-cla-6a0045e27509d957930771,"Mercedes-Benz CLA II (C118, X118) Рестайлинг",Бишкек,40000,3498000,2024,33000,2.0 л.,робот,https://im.mashina.kg/tachka/images/e/e/b/eebeae2c6ee607dd31edaca5cd8fdb45_640x480.jpg
https://mashina.kg/details/mercedesbenz-eklass-amg-6a00325dc0d57859627403,"Mercedes-Benz E-Класс AMG III (W211, S211) Рестайлинг",Токмок,18600,1626570,2008,230000,5.4 л.,автомат,https://im.mashina.kg/tachka/images/f/d/f/fdfa065a5caf9833b5021a993a78cba4_640x480.jpg
https://mashina.kg/details/kia-carnival-69fae5c31669c169844761,Kia Carnival IV Рестайлинг,Бишкек,33300,2912085,2024,99000,1.6 л.,автомат,https://im.mashina.kg/tachka/images/e/7/5/e759267e70f0bb2d962b60fec2880852_640x480.jpg
https://mashina.kg/details/hyundai-sonata-69dbf5874619e008208276,Hyundai Sonata VIII (DN8),Бишкек,14000,1224300,2019,149000,2.0 л.,автомат,https://im.mashina.kg/tachka/images/2/1/2/212bc42c805873c426e5ff78ab6f55f1_640x480.jpg
https://mashina.kg/details/kia-k5-6a001228412e6125734882,Kia K5 II,Бишкек,11300,988185,2020,350000,2.0 л.,автомат,https://im.mashina.kg/tachka/images/b/e/3/be351bf84b8b6e5179584ab90f653238_640x480.jpg
https://mashina.kg/details/mercedesbenz-gklass-amg-69e8c3fcdb47d831854805,Mercedes-Benz G-Класс AMG II (W463),Бишкек,138000,12068100,2020,20407,4.0 л.,автомат,https://im.mashina.kg/tachka/images/7/f/a/7fa6c10e83979b8a1600df6e5771ef52_640x480.jpg
https://mashina.kg/details/kia-sportage-69fca53d3cafa936997599,Kia Sportage IV Рестайлинг,Бишкек,18990,1660676,2020,133000,2.0 л.,автомат,https://im.mashina.kg/tachka/images/5/e/8/5e860963db3a10800ebad459141cf659_640x480.jpg
https://mashina.kg/details/kia-stinger-69fcf8375e6de211664954,Kia Stinger I,Бишкек,19500,1705275,2021,69210,3.3 л.,автомат,https://im.mashina.kg/tachka/images/8/9/f/89f9154e3156350b32da6a044e54e9a1_640x480.jpg
https://mashina.kg/details/bmw-x5-69de80807134f026448272,BMW X5 IV (G05/G18),Бишкек,67000,5859150,2022,15000,3.0 л.,автомат,https://im.mashina.kg/tachka/images/0/8/b/08b0906d5187a0bf880c5319cfbd2aa9_640x480.jpg
https://mashina.kg/details/honda-mnv-69a8f8b640e22629384210,Honda M-NV I,Бишкек,12500,1093125,2021,80633,,,https://im.mashina.kg/tachka/images/3/3/e/33e1c8ce4df49268806a4cf7fe7ae14d_640x480.jpg
https://mashina.kg/details/weltmeister-w6-69a81b7980169004723838,Weltmeister W6,Бишкек,12500,1093125,2021,45735,,,https://im.mashina.kg/tachka/images/5/e/5/5e574bf21947c9b1b2132989d32dc906_640x480.jpg
https://mashina.kg/details/toyota-rav4-69cde79f489ff710057814,Toyota RAV4 V (XA50),Бишкек,20900,1827705,2019,200000,2.5 л.,автомат,https://im.mashina.kg/tachka/images/6/2/6/6263a9d385fe4bb07a82bde81fd4239f_640x480.jpg
https://mashina.kg/details/hyundai-sonata-69e71ccf9d561486234116,Hyundai Sonata VII (LF) Рестайлинг,Ош,10700,935715,2019,255000,2.0 л.,автомат,https://im.mashina.kg/tachka/images/e/f/e/efe3b62d9ca2fddb65313c06bff89774_640x480.jpg
https://mashina.kg/details/toyota-hilux-6a01d4c8271a1949681391,Toyota Hilux VIII Рестайлинг,Бишкек,44000,3847800,2022,69000,4.0 л.,автомат,https://im.mashina.kg/tachka/images/f/5/f/f5f604a4d489276a42e0c83c68a3e398_640x480.jpg
https://mashina.kg/details/kia-sportage-69ebb46c5137f023734708,Kia Sportage IV,Бишкек,11500,1005675,2016,165165,2.0 л.,автомат,https://im.mashina.kg/tachka/images/b/1/5/b15f57794a9f294bc4ee52c6418157f3_640x480.jpg
https://mashina.kg/details/toyota-4runner-6948355e2809d944420592,Toyota 4Runner V Рестайлинг,Бишкек,45300,3961485,2023,33500,4.0 л.,автомат,https://im.mashina.kg/tachka/images/b/b/6/bb634fe3e068d6e00ef02b9bf861339c_640x480.jpg
https://mashina.kg/details/kia-k5-6a00dad7a201c833943430,Kia K5 II,Бишкек,9300,813285,2019,319000,2.0 л.,автомат,https://storage.mashina.kg/catalog/images/2026-05-15/4562446/a26622c670355c88ee93277f473b7266_medium.webp
https://mashina.kg/details/toyota-camry-68a580b414941655938264,Toyota Camry VII (XV50) Рестайлинг,Бишкек,12900,1128105,2016,240000,2.5 л.,автомат,https://im.mashina.kg/tachka/images/8/2/a/82a37278cad6eb6969fd889f853b3111_640x480.jpg
https://mashina.kg/details/honda-stream-69fb725f0cdf9282775022,Honda Stream I Рестайлинг,Бишкек,5946,520000,2004,300000,1.7 л.,автомат,https://im.mashina.kg/tachka/images/3/a/8/3a8fe68c75691423949f67efe31f1077_640x480.jpg
https://mashina.kg/details/land-rover-range-rover-6a01f18aaa5d5857686571,Land Rover Range Rover V,Бишкек,128000,11193600,2022,120000,4.4 л.,автомат,https://im.mashina.kg/tachka/images/a/c/8/ac83299e3565a4ec0cd9b29647bae0a7_640x480.jpg
https://mashina.kg/details/kia-morning-6a01c32e097bc480878228,Kia Morning III,с. Булан-Соготту,7700,673365,2018,106579,1.0 л.,автомат,https://im.mashina.kg/tachka/images/6/8/b/68b98fefdb1b11b878f70516e5e4d1f8_640x480.jpg
https://mashina.kg/details/bmw-x5-6a01693e77eb6923617773,BMW X5 IV (G05/G18),Бишкек,35000,3060750,2019,50000,3.0 л.,автомат,https://im.mashina.kg/tachka/images/1/6/7/1670bc8341a3dc34bf8318816134ffe3_640x480.jpg
https://mashina.kg/details/bmw-x5-69e4a569a3140757846041,BMW X5 IV (G05/G18),Бишкек,36500,3191925,2019,129000,3.0 л.,автомат,https://im.mashina.kg/tachka/images/7/f/d/7fd1faf0ec8caeb847e2d657662da13e_640x480.jpg
https://mashina.kg/details/bmw-1-serii-693a3226174b4212481152,BMW 1 серии III (F52) Рестайлинг,Китай,22600,1976370,2021,23000,1.5 л.,робот,https://im.mashina.kg/tachka/images/9/1/2/912f4b7f8a3058c7526dabafc54106a4_640x480.jpg
https://mashina.kg/details/toyota-camry-69f75edca2e20518657316,Toyota Camry VIII (XV70) Рестайлинг,Бишкек,20800,1818960,2020,78000,2.5 л.,автомат,https://im.mashina.kg/tachka/images/4/b/b/4bba550b7143f58bcaaeb7b0eb3e9284_640x480.jpg
https://mashina.kg/details/kia-sportage-69f2d5d172802950327792,Kia Sportage V,Бишкек,21500,1880175,2022,110000,2.0 л.,автомат,https://im.mashina.kg/tachka/images/d/f/5/df56cf94709bef9d3248cecd9e294e83_640x480.jpg
https://mashina.kg/details/mercedesbenz-sklass-68e26b7c2c51d646469737,Mercedes-Benz S-Класс V (W221) Рестайлинг,Бишкек,22000,1923900,2011,110000,4.7 л.,автомат,https://im.mashina.kg/tachka/images/7/6/e/76eb573eec7d8fec4928b7302329f9d9_640x480.jpg
https://mashina.kg/details/hyundai-santa-fe-69a80dcadace8095025637,Hyundai Santa Fe III Рестайлинг,Бишкек,17500,1530375,2018,150000,2.0 л.,автомат,https://im.mashina.kg/tachka/images/2/1/6/2167d28414dc32ba8d86e8505945e1aa_640x480.jpg
https://mashina.kg/details/kia-k5-697dc1c7c21ce433715208,Kia K5 III,Ош,14400,1259280,2020,100000,2.0 л.,автомат,https://im.mashina.kg/tachka/images/9/4/c/94c16af0e16f9f7742f60daa8767ac2e_640x480.jpg
https://mashina.kg/details/toyota-prius-697f0647d8d05694722357,Toyota Prius IV (XW50),Бишкек,13500,1180575,2017,174613,1.8 л.,вариатор,https://im.mashina.kg/tachka/images/2/c/8/2c83bc299f814839a8f22e49947bf117_640x480.jpg
https://mashina.kg/details/kia-k5-69bf7603e218a070972471,Kia K5 III,Бишкек,14100,1233045,2021,154000,1.6 л.,автомат,https://im.mashina.kg/tachka/images/d/1/9/d1931907d1ea4efe24940b54655d82f1_640x480.jpg
https://mashina.kg/details/kia-sportage-69df02ce87cf4830905630,Kia Sportage V,Бишкек,26000,2273700,2023,81000,2.5 л.,автомат,https://im.mashina.kg/tachka/images/d/c/1/dc16f770f15dbd802958cb5f6832ac9e_640x480.jpg
https://mashina.kg/details/kia-sorento-69df234ab6dff066224870,Kia Sorento IV,Бишкек,24900,2177505,2022,130000,1.6 л.,автомат,https://im.mashina.kg/tachka/images/5/8/f/58f698efe8ab82153fe1231fea5c2bfe_640x480.jpg
https://mashina.kg/details/kia-stonic-69fca32c6ae9f066541522,Kia Stonic,Бишкек,11300,988185,2019,147000,1.6 л.,автомат,https://im.mashina.kg/tachka/images/e/c/5/ec58702233548344bac55cc06a5ae9b7_640x480.jpg
https://mashina.kg/details/honda-crv-69eeee6480537649870955,Honda CR-V III,Ош,9500,830775,2007,326000,2.0 л.,автомат,https://im.mashina.kg/tachka/images/e/a/6/ea62ebd49e496e7361dd666c4b811be1_640x480.jpg
https://mashina.kg/details/honda-hrv-693edaba313bf792408759,Honda HR-V I Рестайлинг,Бишкек,6175,540000,2003,219000,1.6 л.,вариатор,https://im.mashina.kg/tachka/images/2/e/2/2e2ce7ac0b02ecef58ba23567fd8c266_640x480.jpg
https://mashina.kg/details/daewoo-matiz-69fd9193a179f669274442,Daewoo Matiz I Рестайлинг,Базар-Коргон,3087,270000,2003,206000,0.8 л.,механика,https://im.mashina.kg/tachka/images/7/7/2/772e0e282687906ddb574500ddfce021_640x480.jpg
https://mashina.kg/details/hyundai-sonata-69fde64bd91c4524323042,Hyundai Sonata VII (LF) Рестайлинг,Бишкек,10300,900735,2019,279000,2.0 л.,автомат,https://im.mashina.kg/tachka/images/e/0/9/e097aaef33abac83e7861f8be6c01c4d_640x480.jpg
https://mashina.kg/details/chevrolet-spark-69db5f9753fb4361366192,Chevrolet Spark IV Рестайлинг,Бишкек,6175,540000,2018,140000,1.0 л.,вариатор,https://storage.mashina.kg/catalog/images/2026-05-14/4494680/a25a2f5ead2014671bf80e9499cdd2e2_medium.webp
https://mashina.kg/details/kia-carnival-69ff01e18fc87331331260,Kia Carnival IV,Бишкек,18200,1591590,2022,168000,2.2 л.,автомат,https://im.mashina.kg/tachka/images/e/0/8/e085e8221a0ea93864ebfeec3c29adfb_640x480.jpg
https://mashina.kg/details/toyota-camry-69eefdd12bcc4383673896,Toyota Camry VIII (XV70),Бишкек,16800,1469160,2018,160000,2.5 л.,автомат,https://im.mashina.kg/tachka/images/2/d/e/2defe3107cd97498e087a9c9a2102e00_640x480.jpg
https://mashina.kg/details/honda-odyssey-69eb6f561cd29682040098,Honda Odyssey II,Бишкек,7000,612150,2003,147000,2.3 л.,автомат,https://im.mashina.kg/tachka/images/c/d/8/cd815d7ca66a318b8033979f5b944255_640x480.jpg
https://mashina.kg/details/lexus-lx-69f7105a8af88266430458,Lexus LX III,Бишкек,42000,3672900,2011,200000,5.7 л.,автомат,https://im.mashina.kg/tachka/images/f/e/3/fe38a74a8665b17ed9da788c7bf882aa_640x480.jpg
https://mashina.kg/details/toyota-land-cruiser-prado-69f9e376e5c03613851570,Toyota Land Cruiser Prado 150 Series,Бишкек,25500,2229975,2012,265000,2.7 л.,автомат,https://im.mashina.kg/tachka/images/c/7/3/c7363ff7a05013e415efb00685432954_640x480.jpg
https://mashina.kg/details/kia-k5-69a6cb7516d1f921349915,Kia K5 III,Бишкек,18500,1617825,2020,140000,2.0 л.,автомат,https://im.mashina.kg/tachka/images/9/1/d/91dea72b686cda31c702bae3c6f5fcd9_640x480.jpg
https://mashina.kg/details/hyundai-tucson-69c9363b716ce926973430,Hyundai Tucson I,Бишкек,10800,944460,2006,210000,2.0 л.,автомат,https://im.mashina.kg/tachka/images/1/d/d/1dd019597124c0890db76c37413bf282_640x480.jpg
https://mashina.kg/details/subaru-ascent-69d6889b54921463677325,Subaru Ascent I Рестайлинг,Бишкек,32800,2868360,2022,37000,2.4 л.,вариатор,https://im.mashina.kg/tachka/images/b/a/b/bab79982bc628aaa5ea5563c456c04b8_640x480.jpg
https://mashina.kg/details/lexus-gx-699afeb322a1c018172827,Lexus GX II Рестайлинг 2,Бишкек,78000,6821100,2022,123919,4.6 л.,автомат,https://im.mashina.kg/tachka/images/4/d/8/4d842ad7ee52b879ac3b068f70179794_640x480.jpg
https://mashina.kg/details/hyundai-grandeur-69fb6137e7634754064285,Hyundai Grandeur VI Рестайлинг,Бишкек,14300,1250535,2020,178000,2.5 л.,автомат,https://im.mashina.kg/tachka/images/4/7/d/47d8d4e52c2307eb03236321050f9c25_640x480.jpg
https://mashina.kg/details/lixiang-l7-6a04334b1e411ec7387790d1,Продажа LiXiang L7 2023,Бишкек,36700,3209415,2023,24000,1.5 л.,автомат,https://storage.mashina.kg/catalog/images/2026-05-13/10031093/9175eecd713c3a4c9c80701a7db7e377_medium.webp
https://mashina.kg/details/toyota-rav4-6a09577d53402cf83ed04c24,Продажа Toyota RAV4 V (XA50) 2026,Бишкек,37500,3279375,2026,25,2.0 л.,вариатор,https://storage.mashina.kg/catalog/images/2026-05-17/10035524/14e42306396d52b76718982581bbf9c4_medium.webp
https://mashina.kg/details/honda-hrv-693edaba313bf792408759,Honda HR-V I Рестайлинг,Бишкек,6175,540000,2003,219000,1.6 л.,вариатор,https://im.mashina.kg/tachka/images/2/e/2/2e2ce7ac0b02ecef58ba23567fd8c266_640x480.jpg
https://mashina.kg/details/daewoo-matiz-69fd9193a179f669274442,Daewoo Matiz I Рестайлинг,Базар-Коргон,3087,270000,2003,206000,0.8 л.,механика,https://im.mashina.kg/tachka/images/7/7/2/772e0e282687906ddb574500ddfce021_640x480.jpg
https://mashina.kg/details/hyundai-sonata-69fde64bd91c4524323042,Hyundai Sonata VII (LF) Рестайлинг,Бишкек,10300,900735,2019,279000,2.0 л.,автомат,https://im.mashina.kg/tachka/images/e/0/9/e097aaef33abac83e7861f8be6c01c4d_640x480.jpg
https://mashina.kg/details/chevrolet-spark-69db5f9753fb4361366192,Chevrolet Spark IV Рестайлинг,Бишкек,6175,540000,2018,140000,1.0 л.,вариатор,https://storage.mashina.kg/catalog/images/2026-05-14/4494680/a25a2f5ead2014671bf80e9499cdd2e2_medium.webp
https://mashina.kg/details/kia-carnival-69ff01e18fc87331331260,Kia Carnival IV,Бишкек,18200,1591590,2022,168000,2.2 л.,автомат,https://im.mashina.kg/tachka/images/e/0/8/e085e8221a0ea93864ebfeec3c29adfb_640x480.jpg
https://mashina.kg/details/toyota-camry-69eefdd12bcc4383673896,Toyota Camry VIII (XV70),Бишкек,16800,1469160,2018,160000,2.5 л.,автомат,https://im.mashina.kg/tachka/images/2/d/e/2defe3107cd97498e087a9c9a2102e00_640x480.jpg
https://mashina.kg/details/honda-odyssey-69eb6f561cd29682040098,Honda Odyssey II,Бишкек,7000,612150,2003,147000,2.3 л.,автомат,https://im.mashina.kg/tachka/images/c/d/8/cd815d7ca66a318b8033979f5b944255_640x480.jpg
https://mashina.kg/details/lexus-lx-69f7105a8af88266430458,Lexus LX III,Бишкек,42000,3672900,2011,200000,5.7 л.,автомат,https://im.mashina.kg/tachka/images/f/e/3/fe38a74a8665b17ed9da788c7bf882aa_640x480.jpg
https://mashina.kg/details/toyota-land-cruiser-prado-69f9e376e5c03613851570,Toyota Land Cruiser Prado 150 Series,Бишкек,25500,2229975,2012,265000,2.7 л.,автомат,https://im.mashina.kg/tachka/images/c/7/3/c7363ff7a05013e415efb00685432954_640x480.jpg
https://mashina.kg/details/kia-k5-69a6cb7516d1f921349915,Kia K5 III,Бишкек,18500,1617825,2020,140000,2.0 л.,автомат,https://im.mashina.kg/tachka/images/9/1/d/91dea72b686cda31c702bae3c6f5fcd9_640x480.jpg
https://mashina.kg/details/hyundai-tucson-69c9363b716ce926973430,Hyundai Tucson I,Бишкек,10800,944460,2006,210000,2.0 л.,автомат,https://im.mashina.kg/tachka/images/1/d/d/1dd019597124c0890db76c37413bf282_640x480.jpg
https://mashina.kg/details/subaru-ascent-69d6889b54921463677325,Subaru Ascent I Рестайлинг,Бишкек,32800,2868360,2022,37000,2.4 л.,вариатор,https://im.mashina.kg/tachka/images/b/a/b/bab79982bc628aaa5ea5563c456c04b8_640x480.jpg
https://mashina.kg/details/lexus-gx-699afeb322a1c018172827,Lexus GX II Рестайлинг 2,Бишкек,78000,6821100,2022,123919,4.6 л.,автомат,https://im.mashina.kg/tachka/images/4/d/8/4d842ad7ee52b879ac3b068f70179794_640x480.jpg
https://mashina.kg/details/hyundai-grandeur-69fb6137e7634754064285,Hyundai Grandeur VI Рестайлинг,Бишкек,14300,1250535,2020,178000,2.5 л.,автомат,https://im.mashina.kg/tachka/images/4/7/d/47d8d4e52c2307eb03236321050f9c25_640x480.jpg
https://mashina.kg/details/lixiang-l7-6a04334b1e411ec7387790d1,Продажа LiXiang L7 2023,Бишкек,36700,3209415,2023,24000,1.5 л.,автомат,https://storage.mashina.kg/catalog/images/2026-05-13/10031093/9175eecd713c3a4c9c80701a7db7e377_medium.webp
https://mashina.kg/details/toyota-rav4-6a09577d53402cf83ed04c24,Продажа Toyota RAV4 V (XA50) 2026,Бишкек,37500,3279375,2026,25,2.0 л.,вариатор,https://storage.mashina.kg/catalog/images/2026-05-17/10035524/14e42306396d52b76718982581bbf9c4_medium.webp
https://mashina.kg/details/honda-jazz-69fcd873bd916058626240,Honda Jazz I Рестайлинг,Ош,9377,820000,2006,216000,1.4 л.,вариатор,https://im.mashina.kg/tachka/images/e/4/9/e49ffdf43392cd73c1536f7c50c0594d_640x480.jpg
https://mashina.kg/details/lexus-lx-69c3773a0e14a561895883,Lexus LX III,Бишкек,32000,2798400,2010,324443,5.7 л.,автомат,https://im.mashina.kg/tachka/images/a/d/4/ad42267fe87e8838061af42109da9b76_640x480.jpg
https://mashina.kg/details/bmw-5-serii-69f759e367d71046348538,BMW 5 серии VII (G30/G31),Ош,23000,2011350,2018,173455,2.0 л.,автомат,https://im.mashina.kg/tachka/images/0/9/4/094290b0c0068333b54dd1d9c30eac03_640x480.jpg
https://mashina.kg/details/bmw-5-serii-69fd7ce09631d334649552,BMW 5 серии VII (G30/G31),Бишкек,26700,2334915,2019,92000,2.0 л.,автомат,https://storage.mashina.kg/catalog/images/2026-05-13/4559402/cd215b6d96bccec94b1202223ddb5599_medium.webp
https://mashina.kg/details/lexus-gx-69ee06fa9e370193297319,Lexus GX II Рестайлинг 2,Бишкек,73000,6383850,2021,70000,4.6 л.,автомат,https://im.mashina.kg/tachka/images/2/c/8/2c8b636d644b54ff8744480bbf354400_640x480.jpg
https://mashina.kg/details/toyota-camry-69db958692e1c079784072,Toyota Camry VII (XV50) Рестайлинг,Бишкек,18000,1574100,2016,174000,2.5 л.,вариатор,https://im.mashina.kg/tachka/images/9/c/5/9c59487dcccc1f40e25ae96f21dbffbc_640x480.jpg
https://mashina.kg/details/bmw-5-serii-69fcba701c579139099604,BMW 5 серии VII (G30/G31) Рестайлинг,Бишкек,33000,2885850,2020,81400,2.0 л.,автомат,https://im.mashina.kg/tachka/images/d/c/8/dc8a46402996abf77224a390a627168d_640x480.jpg
https://mashina.kg/details/mazda-cx5-69e609203051b689696428,Mazda CX-5 II,Ош,14000,1224300,2019,131000,2.5 л.,автомат,https://im.mashina.kg/tachka/images/7/0/0/70066ad877795b102066287b99bdaf0f_640x480.jpg
https://mashina.kg/details/geely-galaxy-e5-69c23e620b93f657315820,Geely Galaxy E5,Китай,16000,1399200,2026,10,,,https://im.mashina.kg/tachka/images/6/7/f/67f341e627e714c1733dd25fe12313d9_640x480.jpg
https://mashina.kg/details/gac-trumpchi-s7-69c10b80a9fc7243428319,GAC Trumpchi S7,Китай,36000,3148200,2026,10,1.5 л.,автомат,https://im.mashina.kg/tachka/images/a/9/8/a9849a1bb88e1c18d7ea538a35c07ca1_640x480.jpg
https://mashina.kg/details/byd-song-l-69c107cb11839682691716,BYD Song L,Китай,17000,1486650,2026,10,,,https://im.mashina.kg/tachka/images/7/5/2/752fc191e79985ba0d54931479ae1722_640x480.jpg
https://mashina.kg/details/toyota-camry-69c1035686375032467607,Toyota Camry IX (XV80),Китай,28000,2448600,2026,10,2.5 л.,автомат,https://im.mashina.kg/tachka/images/c/e/4/ce4f1275a1d86592dd4a16d70341cb43_640x480.jpg
https://mashina.kg/details/skoda-superb-69c100f0be4eb986864305,Skoda Superb III,Китай,18000,1574100,2026,10,1.4 л.,робот,https://im.mashina.kg/tachka/images/6/0/0/600031b9b6221672ec1a70ebe3783d1b_640x480.jpg
https://mashina.kg/details/kaiyi-xuanjie-pro-ev-69c0b8dce7661209805767,Xuanjie Pro EV I,Китай,9500,830775,2026,10,,,https://im.mashina.kg/tachka/images/d/6/3/d63876268a25d21169331a9d1071b5d7_640x480.jpg
https://mashina.kg/details/hyundai-sonata-699c688dc53b9817536977,Hyundai Sonata VII (LF) Рестайлинг,Бишкек,11800,1031910,2020,287535,2.0 л.,автомат,https://im.mashina.kg/tachka/images/c/f/b/cfb07c25eac4c9e41322ea9bc6a81be2_640x480.jpg
https://mashina.kg/details/hyundai-avante-6a061e0365986799793bbbce,Продажа Hyundai Avante VI 2016,Бишкек,9500,830775,2016,174000,1.6 л.,автомат,https://storage.mashina.kg/catalog/images/2026-05-14/10033269/a953e01de1b4a3858417af661b635081_medium.webp
https://mashina.kg/details/peugeot-408-69c0b77130722083400642,Peugeot 408 II Рестайлинг 2,Китай,13500,1180575,2026,10,1.6 л.,автомат,https://im.mashina.kg/tachka/images/7/9/c/79cfa0c5f37c79ef357474afcbfd86dc_640x480.jpg
https://mashina.kg/details/volkswagen-teramont-69be6ea253867260024723,Volkswagen Teramont I Рестайлинг (China Market),Китай,58000,5072100,2026,10,2.0 л.,робот,https://im.mashina.kg/tachka/images/7/5/e/75e0825560b937530f541935f384b7cc_640x480.jpg
https://mashina.kg/details/gac-aion-v-69bcc0bb6607d481265705,GAC Aion V,Китай,15000,1311750,2026,10,,,https://im.mashina.kg/tachka/images/d/c/f/dcf62458f70b36560bb218d6f4bb2bab_640x480.jpg
https://mashina.kg/details/gac-aion-y-plus-69bcbeeba36cf053874604,GAC Aion Y Plus,Китай,12300,1075635,2026,10,,,https://im.mashina.kg/tachka/images/0/e/5/0e5b38795d05bc022b0c0cbf97eadbc1_640x480.jpg
https://mashina.kg/details/gac-aion-rt-69bcbbfbb4761090275055,GAC Aion RT,Китай,14000,1224300,2026,10,,,https://im.mashina.kg/tachka/images/0/4/b/04b4831139871de761803997cc8565d6_640x480.jpg
https://mashina.kg/details/toyota-camry-69ddb887cc8a0467298928,Toyota Camry VIII (XV70),Бишкек,24000,2098800,2018,133000,2.5 л.,вариатор,https://im.mashina.kg/tachka/images/e/a/5/ea56c0f7863c294cc2d00b59ae6aed2d_640x480.jpg
https://mashina.kg/details/jetour-x70-plus-69bbbaec6fe14084273463,Jetour X70 PLUS,Китай,17000,1486650,2026,10,1.6 л.,робот,https://im.mashina.kg/tachka/images/c/6/9/c696465f6da1ef955200acbea26fd48c_640x480.jpg
https://mashina.kg/details/lixiang-l6-69bbc3b92d048305664299,LiXiang L6,Китай,36000,3148200,2026,10,1.5 л.,автомат,https://im.mashina.kg/tachka/images/9/8/5/98556914799c3a6edf6c6680bb7e3480_640x480.jpg
https://mashina.kg/details/lixiang-l7-69bbc295529f4404660571,LiXiang L7 Рестайлинг,Китай,49000,4285050,2026,20,1.5 л.,автомат,https://im.mashina.kg/tachka/images/0/8/c/08c07b4915501162aaabb7c80fcf5481_640x480.jpg
https://mashina.kg/details/lixiang-l9-69bbbf4a8ae8e338627865,LiXiang L9 Рестайлинг,Китай,58000,5072100,2026,10,1.5 л.,автомат,https://im.mashina.kg/tachka/images/6/d/8/6d81c629f24bd731343ceb9479be0baa_640x480.jpg
https://mashina.kg/details/changan-deepal-sl03-69bbb7d87ee47510762403,Changan Deepal SL03,Китай,13500,1180575,2026,10,,,https://im.mashina.kg/tachka/images/6/3/a/63a901e5c0c9af9ec62e41eec39bda58_640x480.jpg
https://mashina.kg/details/changan-deepal-s05-69bbb5f2d40ef101360660,Changan Deepal S05,Китай,16000,1399200,2026,10,1.5 л.,автомат,https://im.mashina.kg/tachka/images/0/b/6/0b6e3061da29a9dfb8b9ee1146f3d061_640x480.jpg
https://mashina.kg/details/toyota-camry-6a00a8ff23db5276370557,Toyota Camry VII (XV50) Рестайлинг,Бишкек,13500,1180575,2015,175000,2.5 л.,автомат,https://im.mashina.kg/tachka/images/c/7/f/c7f699e4cd4bf6f3b9c3fd422c9cd4ff_640x480.jpg
https://mashina.kg/details/ssangyong-tivoli-69fb5d2fd596d054123930,SsangYong Tivoli I Рестайлинг,Бишкек,11500,1005675,2020,152000,1.6 л.,автомат,https://im.mashina.kg/tachka/images/6/e/d/6edbb9eaba2a5cb8ba115ce617887d1f_640x480.jpg
https://mashina.kg/details/chevrolet-spark-69f08679f3ac5035506284,Chevrolet Spark IV Рестайлинг,Бишкек,8300,725835,2022,118000,1.0 л.,вариатор,https://im.mashina.kg/tachka/images/c/0/b/c0b391cb02b95a9a91713f2f21fbe3dd_640x480.jpg
https://mashina.kg/details/bmw-x6-66f419252e27d682273873,BMW X6 I (E71),Бишкек,14000,1224300,2008,212000,3.0 л.,автомат,https://im.mashina.kg/tachka/images/d/0/5/d05d89dd27140b022734830959d28274_640x480.jpg
https://mashina.kg/details/changan-deepal-l07-69bbb351e0d00048806947,Changan Deepal L07,Китай,28000,2448600,2026,10,1.5 л.,автомат,https://im.mashina.kg/tachka/images/2/4/e/24e5033a385ba7eda0d0e9503be89e52_640x480.jpg
https://mashina.kg/details/hyundai-tucson-69bbafbe42b97475991594,Hyundai Tucson IV Рестайлинг,Китай,33000,2885850,2025,10,1.6 л.,робот,https://im.mashina.kg/tachka/images/0/b/6/0b6d490760c80478379fb472559d6c1a_640x480.jpg
https://mashina.kg/details/hyundai-elantra-69bbabfae7539512668290,Hyundai Elantra VII (CN7) Рестайлинг,Китай,14800,1294260,2025,20,1.4 л.,робот,https://im.mashina.kg/tachka/images/4/9/5/4953e4de6902e1a55ad42892424ff70b_640x480.jpg
https://mashina.kg/details/toyota-grand-highlander-69bb68d53bb81378735355,Toyota Grand Highlander,Китай,40000,3498000,2026,10,2.5 л.,вариатор,https://im.mashina.kg/tachka/images/1/1/a/11a3e56586721038ca5ff0400215618e_640x480.jpg
https://mashina.kg/details/toyota-camry-6a00ca3631692565074038,Toyota Camry VII (XV50) Рестайлинг,Ош,12800,1119360,2016,262960,2.5 л.,автомат,https://im.mashina.kg/tachka/images/9/d/f/9df3e795d183f5e9ffab6535ca34845f_640x480.jpg
https://mashina.kg/details/kia-k3-69f841b2849ae855198232,Kia K3 II,Бишкек,10400,909480,2021,176000,1.6 л.,робот,https://im.mashina.kg/tachka/images/d/9/f/d9f6262d58bb78b875e71b1ea9215987_640x480.jpg
https://mashina.kg/details/mercedes-benz-c-klass-amg-68a4c55f64793051587359,Mercedes-Benz C-Класс AMG IV (W205),Бишкек,43000,3760350,2018,60000,4.0 л.,автомат,https://im.mashina.kg/tachka/images/d/8/2/d828b739df2847d51d8b5ef8ba34445f_640x480.jpg
https://mashina.kg/details/geely-binyue-l-69bb659504485470593575,Geely Binyue L,Китай,12000,1049400,2026,10,1.5 л.,робот,https://im.mashina.kg/tachka/images/5/5/5/5554f44188a7735fba1ff0452e3db7c2_640x480.jpg
https://mashina.kg/details/byd-fangchengbao-leopard-3-69ba7e5e98f38936001555,BYD FangChengBao Leopard 3,Китай,24000,2098800,2025,20,,,https://im.mashina.kg/tachka/images/2/6/8/268670fd31f7f66e8285ac11aa2958cc_640x480.jpg
https://mashina.kg/details/gac-aion-i60-69ba744007aa9109271106,GAC Aion I60,Китай,16000,1399200,2026,20,1.5 л.,автомат,https://im.mashina.kg/tachka/images/6/e/0/6e04a606a5a8b5988b54e9f12d4e346e_640x480.jpg
https://mashina.kg/details/byd-destroyer-05-69ba6fa25416a722911376,BYD Destroyer 05,Китай,10000,874500,2026,10,1.5 л.,автомат,https://im.mashina.kg/tachka/images/b/3/4/b34ebedee6248dae32cfc89115756f52_640x480.jpg
https://mashina.kg/details/bmw-x5-69e844d51744c273281384,BMW X5 IV (G05/G18),Бишкек,39900,3489255,2019,195000,3.0 л.,автомат,https://im.mashina.kg/tachka/images/e/b/8/eb8bb2173b947530f4dc743210d7f928_640x480.jpg
https://mashina.kg/details/byd-fangchengbao-leopard-5-69ba7f557a9bc539731430,BYD FangChengBao Leopard 5,Китай,33500,2929575,2025,10,1.5 л.,вариатор,https://im.mashina.kg/tachka/images/e/0/d/e0da619ae4b9600123cee804b838ea35_640x480.jpg
https://mashina.kg/details/kia-seltos-69ba6a220dff2862865710,Kia Seltos I Рестайлинг,Китай,15000,1311750,2026,10,1.4 л.,робот,https://im.mashina.kg/tachka/images/c/f/f/cff281fd6cf07f8e049766bead6fe4aa_640x480.jpg
https://mashina.kg/details/toyota-land-cruiser-69edc73c41acf415472223,Toyota Land Cruiser 200 Series,Бишкек,28500,2492325,2008,289000,4.7 л.,автомат,https://im.mashina.kg/tachka/images/f/b/7/fb7f7d3b04fd67f76b7de3166cb5e04a_640x480.jpg
https://mashina.kg/details/volkswagen-teramont-69be6ea253867260024723,Volkswagen Teramont I Рестайлинг (China Market),Китай,58000,5072100,2026,10,2.0 л.,робот,https://im.mashina.kg/tachka/images/7/5/e/75e0825560b937530f541935f384b7cc_640x480.jpg
https://mashina.kg/details/gac-aion-v-69bcc0bb6607d481265705,GAC Aion V,Китай,15000,1311750,2026,10,,,https://im.mashina.kg/tachka/images/d/c/f/dcf62458f70b36560bb218d6f4bb2bab_640x480.jpg
https://mashina.kg/details/gac-aion-y-plus-69bcbeeba36cf053874604,GAC Aion Y Plus,Китай,12300,1075635,2026,10,,,https://im.mashina.kg/tachka/images/0/e/5/0e5b38795d05bc022b0c0cbf97eadbc1_640x480.jpg
https://mashina.kg/details/gac-aion-rt-69bcbbfbb4761090275055,GAC Aion RT,Китай,14000,1224300,2026,10,,,https://im.mashina.kg/tachka/images/0/4/b/04b4831139871de761803997cc8565d6_640x480.jpg
https://mashina.kg/details/toyota-camry-69ddb887cc8a0467298928,Toyota Camry VIII (XV70),Бишкек,24000,2098800,2018,133000,2.5 л.,вариатор,https://im.mashina.kg/tachka/images/e/a/5/ea56c0f7863c294cc2d00b59ae6aed2d_640x480.jpg
https://mashina.kg/details/jetour-x70-plus-69bbbaec6fe14084273463,Jetour X70 PLUS,Китай,17000,1486650,2026,10,1.6 л.,робот,https://im.mashina.kg/tachka/images/c/6/9/c696465f6da1ef955200acbea26fd48c_640x480.jpg
https://mashina.kg/details/lixiang-l6-69bbc3b92d048305664299,LiXiang L6,Китай,36000,3148200,2026,10,1.5 л.,автомат,https://im.mashina.kg/tachka/images/9/8/5/98556914799c3a6edf6c6680bb7e3480_640x480.jpg
https://mashina.kg/details/lixiang-l7-69bbc295529f4404660571,LiXiang L7 Рестайлинг,Китай,49000,4285050,2026,20,1.5 л.,автомат,https://im.mashina.kg/tachka/images/0/8/c/08c07b4915501162aaabb7c80fcf5481_640x480.jpg
https://mashina.kg/details/lixiang-l9-69bbbf4a8ae8e338627865,LiXiang L9 Рестайлинг,Китай,58000,5072100,2026,10,1.5 л.,автомат,https://im.mashina.kg/tachka/images/6/d/8/6d81c629f24bd731343ceb9479be0baa_640x480.jpg
https://mashina.kg/details/changan-deepal-sl03-69bbb7d87ee47510762403,Changan Deepal SL03,Китай,13500,1180575,2026,10,,,https://im.mashina.kg/tachka/images/6/3/a/63a901e5c0c9af9ec62e41eec39bda58_640x480.jpg
https://mashina.kg/details/changan-deepal-s05-69bbb5f2d40ef101360660,Changan Deepal S05,Китай,16000,1399200,2026,10,1.5 л.,автомат,https://im.mashina.kg/tachka/images/0/b/6/0b6e3061da29a9dfb8b9ee1146f3d061_640x480.jpg
https://mashina.kg/details/ssangyong-tivoli-69fb5d2fd596d054123930,SsangYong Tivoli I Рестайлинг,Бишкек,11500,1005675,2020,152000,1.6 л.,автомат,https://im.mashina.kg/tachka/images/6/e/d/6edbb9eaba2a5cb8ba115ce617887d1f_640x480.jpg
https://mashina.kg/details/bmw-x6-66f419252e27d682273873,BMW X6 I (E71),Бишкек,14000,1224300,2008,212000,3.0 л.,автомат,https://im.mashina.kg/tachka/images/d/0/5/d05d89dd27140b022734830959d28274_640x480.jpg
https://mashina.kg/details/chevrolet-spark-69f08679f3ac5035506284,Chevrolet Spark IV Рестайлинг,Бишкек,8300,725835,2022,118000,1.0 л.,вариатор,https://im.mashina.kg/tachka/images/c/0/b/c0b391cb02b95a9a91713f2f21fbe3dd_640x480.jpg
https://mashina.kg/details/toyota-camry-6a00a8ff23db5276370557,Toyota Camry VII (XV50) Рестайлинг,Бишкек,13500,1180575,2015,175000,2.5 л.,автомат,https://im.mashina.kg/tachka/images/c/7/f/c7f699e4cd4bf6f3b9c3fd422c9cd4ff_640x480.jpg
https://mashina.kg/details/changan-deepal-l07-69bbb351e0d00048806947,Changan Deepal L07,Китай,28000,2448600,2026,10,1.5 л.,автомат,https://im.mashina.kg/tachka/images/2/4/e/24e5033a385ba7eda0d0e9503be89e52_640x480.jpg
https://mashina.kg/details/hyundai-tucson-69bbafbe42b97475991594,Hyundai Tucson IV Рестайлинг,Китай,33000,2885850,2025,10,1.6 л.,робот,https://im.mashina.kg/tachka/images/0/b/6/0b6d490760c80478379fb472559d6c1a_640x480.jpg
https://mashina.kg/details/hyundai-elantra-69bbabfae7539512668290,Hyundai Elantra VII (CN7) Рестайлинг,Китай,14800,1294260,2025,20,1.4 л.,робот,https://im.mashina.kg/tachka/images/4/9/5/4953e4de6902e1a55ad42892424ff70b_640x480.jpg
https://mashina.kg/details/toyota-grand-highlander-69bb68d53bb81378735355,Toyota Grand Highlander,Китай,40000,3498000,2026,10,2.5 л.,вариатор,https://im.mashina.kg/tachka/images/1/1/a/11a3e56586721038ca5ff0400215618e_640x480.jpg
https://mashina.kg/details/toyota-camry-6a00ca3631692565074038,Toyota Camry VII (XV50) Рестайлинг,Ош,12800,1119360,2016,262960,2.5 л.,автомат,https://im.mashina.kg/tachka/images/9/d/f/9df3e795d183f5e9ffab6535ca34845f_640x480.jpg
https://mashina.kg/details/kia-k3-69f841b2849ae855198232,Kia K3 II,Бишкек,10400,909480,2021,176000,1.6 л.,робот,https://im.mashina.kg/tachka/images/d/9/f/d9f6262d58bb78b875e71b1ea9215987_640x480.jpg
https://mashina.kg/details/changan-uniz-69b7ec8066f28841703176,Changan UNI-Z,Китай,14000,1224300,2025,20,1.5 л.,вариатор,https://im.mashina.kg/tachka/images/9/0/e/90e844fae506f26a35ed62b5cb7a2e15_640x480.jpg
https://mashina.kg/details/byd-sea-lion-07-69d091cf7f6e8184374080,BYD Sea Lion 07,Китай,23800,2081310,2026,10,,,https://im.mashina.kg/tachka/images/c/d/8/cd8d393bbec2bfd1b213c480288c6414_640x480.jpg
https://mashina.kg/details/toyota-rav4-6a01d67942689380458038,Toyota RAV4 V (XA50),Бишкек,27400,2396130,2019,101000,2.5 л.,вариатор,https://im.mashina.kg/tachka/images/3/e/7/3e769d000fca701b16ccbf4f5711d3b3_640x480.jpg
https://mashina.kg/details/gac-trumpchi-gs3-69d085d530a16164570097,GAC Trumpchi GS3 II,Китай,10000,874500,2026,10,1.5 л.,робот,https://im.mashina.kg/tachka/images/5/0/b/50baff07674aaab864bbea69cc91c740_640x480.jpg
https://mashina.kg/details/geely-galaxy-e5-69d08e81aa941511479773,Geely Galaxy E5,Китай,17000,1486650,2026,10,,,https://im.mashina.kg/tachka/images/e/d/7/ed7f4cdf6db875109d5ed5aca70d245b_640x480.jpg
https://mashina.kg/details/gac-trumpchi-gs4-69d084c6eb8cb082554471,GAC Trumpchi GS4 II Рестайлинг,Китай,13000,1136850,2026,10,1.5 л.,автомат,https://im.mashina.kg/tachka/images/8/3/0/830d10173befed18ec4b0729788be8f5_640x480.jpg
https://mashina.kg/details/gac-trumpchi-gs8-69d0740e2ea17624283428,GAC Trumpchi GS8 II,Китай,23800,2081310,2026,10,2.0 л.,автомат,https://im.mashina.kg/tachka/images/5/c/3/5c30af9e58ae333798305f44af49f00b_640x480.jpg
https://mashina.kg/details/byd-tang-69b90b708617c269074146,BYD Tang II Рестайлинг,Китай,35000,3060750,2026,10,,,https://im.mashina.kg/tachka/images/9/8/8/988f84b14ba6ee00f0ec21f96c01fe4a_640x480.jpg
https://mashina.kg/details/hyundai-sonata-69886225cc1fe083706333,Hyundai Sonata VI (YF),Бишкек,8805,770000,2011,188000,2.0 л.,автомат,https://im.mashina.kg/tachka/images/3/8/b/38b2328444bbac8f3e75ab0f32c75e7c_640x480.jpg
https://mashina.kg/details/byd-e2-69b90a80712b0379999988,BYD E2 I Рестайлинг,Китай,10200,891990,2024,10,,,https://im.mashina.kg/tachka/images/4/1/f/41f4a23680983994bb067aae12e01bc9_640x480.jpg
https://mashina.kg/details/toyota-camry-69fc12a6a7426718383458,Toyota Camry VII (XV50),Бишкек,12900,1128105,2012,127652,2.5 л.,автомат,https://im.mashina.kg/tachka/images/3/3/d/33d4826a12ac376a6607db7bb6ebff85_640x480.jpg
https://mashina.kg/details/lexus-rc-6a06fa1a5dfeafbd2aadce16,Продажа Lexus RC I Рестайлинг 2020,Бишкек,34500,3017025,2019,80000,3.5 л.,автомат,https://storage.mashina.kg/catalog/images/2026-05-15/10033935/56df5b058f8822e4634333ed36241c97_medium.webp
https://mashina.kg/details/toyota-land-cruiser-69f84a06173c8860395644,Toyota Land Cruiser 300 Series,Бишкек,106000,9269700,2023,40000,3.4 л.,автомат,https://im.mashina.kg/tachka/images/1/6/f/16ff987bc00466dd769c4402009f5609_640x480.jpg
https://mashina.kg/details/byd-song-plus-69b7f6d3254b5739966758,BYD Song Plus I Рестайлинг,Китай,18000,1574100,2026,10,1.5 л.,вариатор,https://im.mashina.kg/tachka/images/1/1/a/11af78bcf9ac59385dcdc7a71ed9512e_640x480.jpg
https://mashina.kg/details/byd-yuan-up-69b7f50772950282186598,BYD Yuan Up,Китай,13700,1198065,2026,10,,,https://im.mashina.kg/tachka/images/b/c/6/bc6cb5639a93baa3484c869e28d831b3_640x480.jpg
https://mashina.kg/details/jetour-traveller-69cdeb1ed17b1144664372,Jetour Traveller,Китай,18000,1574100,2026,10,1.5 л.,робот,https://im.mashina.kg/tachka/images/f/b/1/fb1c6033d840ee69fee51edc01cc54eb_640x480.jpg
https://mashina.kg/details/zeekr-9x-69cde8d5672a2625571026,Zeekr 9X,Китай,80000,6996000,2026,10,2.0 л.,автомат,https://im.mashina.kg/tachka/images/6/8/3/683c791d3d9808fc076ff8d1c04d99b8_640x480.jpg
https://mashina.kg/details/zeekr-001-69cde10c360b2923374040,Zeekr 001 I Рестайлинг,Китай,38000,3323100,2026,10,,,https://im.mashina.kg/tachka/images/c/4/b/c4badf600a87d219358ba3193715057a_640x480.jpg
https://mashina.kg/details/byd-yuan-plus-69b7f44c4c7e2701855565,BYD Yuan Plus,Китай,15500,1355475,2026,10,,,https://im.mashina.kg/tachka/images/a/a/3/aa3c383e4b5763a1217afd01f2db3af2_640x480.jpg
https://mashina.kg/details/kia-sorento-69fa13236d8f4723272992,Kia Sorento III Prime Рестайлинг,Бишкек,17500,1530375,2018,175000,2.0 л.,автомат,https://im.mashina.kg/tachka/images/8/0/b/80be55356b3fcd2b6829263af8a46a1f_640x480.jpg
https://mashina.kg/details/changan-deepal-g318-69b7f35c07d0a539802814,Changan Deepal G318,Китай,22000,1923900,2026,10,1.5 л.,автомат,https://im.mashina.kg/tachka/images/6/a/d/6ad5fa7fb8bc071856a106c74b096108_640x480.jpg
